color_original,color_normalized,type,is_token,property,file,line,snippet
"#646cffaa","rgba(100,108,255,0.667)","hex",false,"filter","src/App.css",15,"filter: drop-shadow(0 0 2em #646cffaa);"
"#61dafbaa","rgba(97,218,251,0.667)","hex",false,"filter","src/App.css",19,"filter: drop-shadow(0 0 2em #61dafbaa);"
"#040404","rgba(4,4,4,1)","hex",false,"http","src/assets/icons/Black Logo.svg",1,"<svg id=""svg"" version=""1.1"" xmlns=""http://www.w3.org/2000/svg"" xmlns:xlink=""http://www.w3.org/1999/xlink"" width=""400"" he"
"#080404","rgba(8,4,4,1)","hex",false,"http","src/assets/icons/Black Logo.svg",1,"<svg id=""svg"" version=""1.1"" xmlns=""http://www.w3.org/2000/svg"" xmlns:xlink=""http://www.w3.org/1999/xlink"" width=""400"" he"
"#080404","rgba(8,4,4,1)","hex",false,"http","src/assets/icons/Black Logo.svg",1,"<svg id=""svg"" version=""1.1"" xmlns=""http://www.w3.org/2000/svg"" xmlns:xlink=""http://www.w3.org/1999/xlink"" width=""400"" he"
"#080404","rgba(8,4,4,1)","hex",false,"http","src/assets/icons/Black Logo.svg",1,"<svg id=""svg"" version=""1.1"" xmlns=""http://www.w3.org/2000/svg"" xmlns:xlink=""http://www.w3.org/1999/xlink"" width=""400"" he"
"#080404","rgba(8,4,4,1)","hex",false,"http","src/assets/icons/Black Logo.svg",1,"<svg id=""svg"" version=""1.1"" xmlns=""http://www.w3.org/2000/svg"" xmlns:xlink=""http://www.w3.org/1999/xlink"" width=""400"" he"
"#f47434","rgba(244,116,52,1)","hex",false,"http","src/assets/icons/logo-header.svg",1,"<svg id=""svg"" version=""1.1"" xmlns=""http://www.w3.org/2000/svg"" xmlns:xlink=""http://www.w3.org/1999/xlink"" width=""400"" he"
"#7cccdc","rgba(124,204,220,1)","hex",false,"http","src/assets/icons/logo-header.svg",1,"<svg id=""svg"" version=""1.1"" xmlns=""http://www.w3.org/2000/svg"" xmlns:xlink=""http://www.w3.org/1999/xlink"" width=""400"" he"
"#82d4dc","rgba(130,212,220,1)","hex",false,"http","src/assets/icons/logo-header.svg",1,"<svg id=""svg"" version=""1.1"" xmlns=""http://www.w3.org/2000/svg"" xmlns:xlink=""http://www.w3.org/1999/xlink"" width=""400"" he"
"#99d7e5","rgba(153,215,229,1)","hex",false,"http","src/assets/icons/logo-header.svg",1,"<svg id=""svg"" version=""1.1"" xmlns=""http://www.w3.org/2000/svg"" xmlns:xlink=""http://www.w3.org/1999/xlink"" width=""400"" he"
"#bfe6ec","rgba(191,230,236,1)","hex",false,"http","src/assets/icons/logo-header.svg",1,"<svg id=""svg"" version=""1.1"" xmlns=""http://www.w3.org/2000/svg"" xmlns:xlink=""http://www.w3.org/1999/xlink"" width=""400"" he"
"#fcfcfc","rgba(252,252,252,1)","hex",false,"http","src/assets/icons/White logo.svg",1,"<svg id=""svg"" version=""1.1"" xmlns=""http://www.w3.org/2000/svg"" xmlns:xlink=""http://www.w3.org/1999/xlink"" width=""400"" he"
"#040404","rgba(4,4,4,1)","hex",false,"http","src/assets/logos/horizontal low res photos/Black.svg",1,"<svg id=""svg"" version=""1.1"" xmlns=""http://www.w3.org/2000/svg"" xmlns:xlink=""http://www.w3.org/1999/xlink"" width=""400"" he"
"#080404","rgba(8,4,4,1)","hex",false,"http","src/assets/logos/horizontal low res photos/Black.svg",1,"<svg id=""svg"" version=""1.1"" xmlns=""http://www.w3.org/2000/svg"" xmlns:xlink=""http://www.w3.org/1999/xlink"" width=""400"" he"
"#080404","rgba(8,4,4,1)","hex",false,"http","src/assets/logos/horizontal low res photos/Black.svg",1,"<svg id=""svg"" version=""1.1"" xmlns=""http://www.w3.org/2000/svg"" xmlns:xlink=""http://www.w3.org/1999/xlink"" width=""400"" he"
"#080404","rgba(8,4,4,1)","hex",false,"http","src/assets/logos/horizontal low res photos/Black.svg",1,"<svg id=""svg"" version=""1.1"" xmlns=""http://www.w3.org/2000/svg"" xmlns:xlink=""http://www.w3.org/1999/xlink"" width=""400"" he"
"#080404","rgba(8,4,4,1)","hex",false,"http","src/assets/logos/horizontal low res photos/Black.svg",1,"<svg id=""svg"" version=""1.1"" xmlns=""http://www.w3.org/2000/svg"" xmlns:xlink=""http://www.w3.org/1999/xlink"" width=""400"" he"
"#f47434","rgba(244,116,52,1)","hex",false,"http","src/assets/logos/horizontal low res photos/Light blue with orange.svg",1,"<svg id=""svg"" version=""1.1"" xmlns=""http://www.w3.org/2000/svg"" xmlns:xlink=""http://www.w3.org/1999/xlink"" width=""400"" he"
"#7cccdc","rgba(124,204,220,1)","hex",false,"http","src/assets/logos/horizontal low res photos/Light blue with orange.svg",1,"<svg id=""svg"" version=""1.1"" xmlns=""http://www.w3.org/2000/svg"" xmlns:xlink=""http://www.w3.org/1999/xlink"" width=""400"" he"
"#82d4dc","rgba(130,212,220,1)","hex",false,"http","src/assets/logos/horizontal low res photos/Light blue with orange.svg",1,"<svg id=""svg"" version=""1.1"" xmlns=""http://www.w3.org/2000/svg"" xmlns:xlink=""http://www.w3.org/1999/xlink"" width=""400"" he"
"#99d7e5","rgba(153,215,229,1)","hex",false,"http","src/assets/logos/horizontal low res photos/Light blue with orange.svg",1,"<svg id=""svg"" version=""1.1"" xmlns=""http://www.w3.org/2000/svg"" xmlns:xlink=""http://www.w3.org/1999/xlink"" width=""400"" he"
"#bfe6ec","rgba(191,230,236,1)","hex",false,"http","src/assets/logos/horizontal low res photos/Light blue with orange.svg",1,"<svg id=""svg"" version=""1.1"" xmlns=""http://www.w3.org/2000/svg"" xmlns:xlink=""http://www.w3.org/1999/xlink"" width=""400"" he"
"#fcfcfc","rgba(252,252,252,1)","hex",false,"http","src/assets/logos/horizontal low res photos/White logo.svg",1,"<svg id=""svg"" version=""1.1"" xmlns=""http://www.w3.org/2000/svg"" xmlns:xlink=""http://www.w3.org/1999/xlink"" width=""400"" he"
"#fff","rgba(255,255,255,1)","hex",false,"fill","src/assets/logos/salesforce-logo2.svg",6,"fill: #fff;"
"#0d9dda","rgba(13,157,218,1)","hex",false,"fill","src/assets/logos/salesforce-logo2.svg",10,"fill: #0d9dda;"
"#00D8FF","rgba(0,216,255,1)","hex",false,"http","src/assets/react.svg",1,"<svg xmlns=""http://www.w3.org/2000/svg"" xmlns:xlink=""http://www.w3.org/1999/xlink"" aria-hidden=""true"" role=""img"" class="""
"var(--color-teal-dark)","--color-teal-dark","var",true,"background-color","src/components/layout/Footer.css",4,"background-color: var(--color-teal-dark);"
"white","rgba(255,255,255,1)","named",false,"color","src/components/layout/Footer.css",7,"color: white;"
"white","rgba(255,255,255,1)","named",false,"marginbottom","src/components/layout/Footer.jsx",23,"<h3 style={{ marginBottom: '1rem', color: 'white' }}>Workplace Therapeutics</h3>"
"rgba(255, 255, 255, 0.8)","rgba(255,255,255,0.8)","rgb",false,"marginbottom","src/components/layout/Footer.jsx",24,"<p style={{ marginBottom: '1.5rem', color: 'rgba(255, 255, 255, 0.8)' }}>"
"rgba(255, 255, 255, 0.9)","rgba(255,255,255,0.9)","rgb",false,"color","src/components/layout/Footer.jsx",27,"<div style={{ color: 'rgba(255, 255, 255, 0.9)', marginBottom: '1.5rem' }}>"
"white","rgba(255,255,255,1)","named",false,"color","src/components/layout/Footer.jsx",33,"<a href=""https://www.linkedin.com/company/11025564/"" target=""_blank"" rel=""noopener noreferrer"" style={{ color: 'white', "
"white","rgba(255,255,255,1)","named",false,"color","src/components/layout/Footer.jsx",36,"<a href=""https://www.instagram.com/workplace_therapeutics/"" target=""_blank"" rel=""noopener noreferrer"" style={{ color: 'w"
"white","rgba(255,255,255,1)","named",false,"color","src/components/layout/Footer.jsx",39,"<a href=""https://www.facebook.com/workplacetherapeutics"" target=""_blank"" rel=""noopener noreferrer"" style={{ color: 'whit"
"white","rgba(255,255,255,1)","named",false,"marginbottom","src/components/layout/Footer.jsx",47,"<h4 style={{ marginBottom: '1rem', color: 'white' }}>Quick Links</h4>"
"rgba(255, 255, 255, 0.8)","rgba(255,255,255,0.8)","rgb",false,"color","src/components/layout/Footer.jsx",51,"<Link to={link.path} style={{ color: 'rgba(255, 255, 255, 0.8)', textDecoration: 'none' }}>{link.name}</Link>"
"rgba(255, 255, 255, 0.1)","rgba(255,255,255,0.1)","rgb",false,"bordertop","src/components/layout/Footer.jsx",60,"<div style={{ borderTop: '1px solid rgba(255, 255, 255, 0.1)', marginTop: '3rem', paddingTop: '1.5rem', textAlign: 'cent"
"rgba(255, 255, 255, 0.6)","rgba(255,255,255,0.6)","rgb",false,"bordertop","src/components/layout/Footer.jsx",60,"<div style={{ borderTop: '1px solid rgba(255, 255, 255, 0.1)', marginTop: '3rem', paddingTop: '1.5rem', textAlign: 'cent"
"transparent","rgba(0,0,0,0)","named",false,"background-color","src/components/layout/Header.css",7,"background-color: transparent;"
"transparent","rgba(0,0,0,0)","named",false,"border-bottom","src/components/layout/Header.css",10,"border-bottom: 1px solid transparent;"
"transparent","rgba(0,0,0,0)","named",false,"background-color","src/components/layout/Header.css",14,"background-color: transparent;"
"teal","rgba(0,128,128,1)","named",false,"unknown","src/components/layout/Header.css",57,"/* Teal color */"
"white","rgba(255,255,255,1)","named",false,"color","src/components/layout/Header.css",78,"color: white;"
"var(--color-teal)","--color-teal","var",true,"color","src/components/layout/Header.css",118,"color: var(--color-teal);"
"var(--color-teal)","--color-teal","var",true,"color","src/components/layout/Header.css",122,"color: var(--color-teal);"
"rgba(0, 0, 0, 0.4)","rgba(0,0,0,0.4)","rgb",false,"background-color","src/components/layout/Header.css",136,"background-color: rgba(0, 0, 0, 0.4);"
"white","rgba(255,255,255,1)","named",false,"background","src/components/layout/Header.css",156,"background: white;"
"var(--spacing-md)","--spacing-md","var",true,"padding","src/components/layout/Header.css",158,"padding: 80px var(--spacing-md) var(--spacing-md);"
"var(--spacing-md)","--spacing-md","var",true,"padding","src/components/layout/Header.css",158,"padding: 80px var(--spacing-md) var(--spacing-md);"
"rgba(0, 0, 0, 0.15)","rgba(0,0,0,0.15)","rgb",false,"box-shadow","src/components/layout/Header.css",162,"box-shadow: -5px 0 25px rgba(0, 0, 0, 0.15);"
"var(--spacing-sm)","--spacing-sm","var",true,"padding","src/components/layout/Header.css",174,"padding: var(--spacing-sm);"
"var(--color-text-main)","--color-text-main","var",true,"color","src/components/layout/Header.css",177,"color: var(--color-text-main);"
"var(--radius-md)","--radius-md","var",true,"border-radius","src/components/layout/Header.css",178,"border-radius: var(--radius-md);"
"transparent","rgba(0,0,0,0)","named",false,"border-left","src/components/layout/Header.css",180,"border-left: 3px solid transparent;"
"var(--color-bg-subtle)","--color-bg-subtle","var",true,"background-color","src/components/layout/Header.css",184,"background-color: var(--color-bg-subtle);"
"white","rgba(255,255,255,1)","named",false,"color","src/components/layout/Header.css",189,"color: white;"
"var(--color-teal-dark)","--color-teal-dark","var",true,"background-color","src/components/layout/Header.css",190,"background-color: var(--color-teal-dark);"
"var(--color-orange)","--color-orange","var",true,"border-left-color","src/components/layout/Header.css",191,"border-left-color: var(--color-orange);"
"var(--color-teal)","--color-teal","var",true,"background-color","src/components/layout/Header.css",233,"background-color: var(--color-teal);"
"white","rgba(255,255,255,1)","named",false,"color","src/components/layout/Header.css",235,"color: white;"
"rgba(0, 0, 0, 0.15)","rgba(0,0,0,0.15)","rgb",false,"box-shadow","src/components/layout/Header.css",246,"box-shadow: 0 4px 12px rgba(0, 0, 0, 0.15);"
"var(--color-teal-dark)","--color-teal-dark","var",true,"background-color","src/components/layout/Header.css",253,"background-color: var(--color-teal-dark);"
"rgba(0, 0, 0, 0.2)","rgba(0,0,0,0.2)","rgb",false,"box-shadow","src/components/layout/Header.css",255,"box-shadow: 0 6px 16px rgba(0, 0, 0, 0.2);"
"var(--color-text-main)","--color-text-main","var",true,"color","src/components/layout/Header.css",260,"color: var(--color-text-main);"
"teal","rgba(0,128,128,1)","named",false,"unknown","src/components/layout/Header.css",278,"/* Teal color */"
"white","rgba(255,255,255,1)","named",false,"background-color","src/components/layout/Header.css",288,"background-color: white;"
"rgba(0, 0, 0, 0.1)","rgba(0,0,0,0.1)","rgb",false,"box-shadow","src/components/layout/Header.css",296,"box-shadow: 0 10px 40px rgba(0, 0, 0, 0.1);"
"var(--color-border)","--color-border","var",true,"border-bottom","src/components/layout/Header.css",297,"border-bottom: 1px solid var(--color-border);"
"var(--color-text-main)","--color-text-main","var",true,"color","src/components/layout/Header.css",323,"color: var(--color-text-main);"
"transparent","rgba(0,0,0,0)","named",false,"border-bottom","src/components/layout/Header.css",325,"border-bottom: 2px solid transparent;"
"var(--color-teal)","--color-teal","var",true,"color","src/components/layout/Header.css",331,"color: var(--color-teal);"
"var(--color-teal-dark)","--color-teal-dark","var",true,"color","src/components/layout/Header.css",336,"color: var(--color-teal-dark);"
"var(--radius-md)","--radius-md","var",true,"border-radius","src/components/layout/Header.css",352,"border-radius: var(--radius-md);"
"transparent","rgba(0,0,0,0)","named",false,"border","src/components/layout/Header.css",356,"border: 1px solid transparent;"
"var(--color-bg-teal-soft)","--color-bg-teal-soft","var",true,"background-color","src/components/layout/Header.css",363,"background-color: var(--color-bg-teal-soft) !important;"
"var(--color-teal)","--color-teal","var",true,"color","src/components/layout/Header.css",364,"color: var(--color-teal) !important;"
"var(--color-teal-light)","--color-teal-light","var",true,"border-color","src/components/layout/Header.css",365,"border-color: var(--color-teal-light) !important;"
"#e0f5f8","rgba(224,245,248,1)","hex",false,"background-color","src/components/layout/Header.css",369,"background-color: #e0f5f8 !important;"
"rgba(0, 0, 0, 0.05)","rgba(0,0,0,0.05)","rgb",false,"box-shadow","src/components/layout/Header.css",371,"box-shadow: 0 2px 4px rgba(0, 0, 0, 0.05);"
"var(--color-bg-orange-soft)","--color-bg-orange-soft","var",true,"background-color","src/components/layout/Header.css",375,"background-color: var(--color-bg-orange-soft) !important;"
"var(--color-orange-dark)","--color-orange-dark","var",true,"color","src/components/layout/Header.css",376,"color: var(--color-orange-dark) !important;"
"#ffd8bf","rgba(255,216,191,1)","hex",false,"border-color","src/components/layout/Header.css",377,"border-color: #ffd8bf !important;"
"#fff0db","rgba(255,240,219,1)","hex",false,"background-color","src/components/layout/Header.css",381,"background-color: #fff0db !important;"
"white","rgba(255,255,255,1)","named",false,"background-color","src/components/layout/Header.css",389,"background-color: white;"
"rgba(0, 0, 0, 0.05)","rgba(0,0,0,0.05)","rgb",false,"box-shadow","src/components/layout/Header.css",394,"box-shadow: 0 1px 2px rgba(0, 0, 0, 0.05);"
"white","rgba(255,255,255,1)","named",false,"unknown","src/components/layout/Header.jsx",38,"// Over dark section → white icon/logo (isScrolled = false)"
"teal","rgba(0,128,128,1)","named",false,"unknown","src/components/layout/Header.jsx",39,"// Over light section → teal icon/logo (isScrolled = true)"
"var(--color-orange-dark)","--color-orange-dark","var",true,"unknown","src/components/layout/Header.jsx",128,"<MessageCircle size={16} color=""var(--color-orange-dark)"" strokeWidth={2.5} />"
"var(--color-teal)","--color-teal","var",true,"unknown","src/components/layout/Header.jsx",134,"<User size={16} color=""var(--color-teal)"" strokeWidth={2.5} />"
"rgba(0, 0, 0, 0.4)","rgba(0,0,0,0.4)","rgb",false,"background-color","src/components/layout/SideNavbar.css",8,"background-color: rgba(0, 0, 0, 0.4);"
"rgba(255, 255, 255, 0.95)","rgba(255,255,255,0.95)","rgb",false,"background-color","src/components/layout/SideNavbar.css",28,"background-color: rgba(255, 255, 255, 0.95);"
"rgba(0, 0, 0, 0.1)","rgba(0,0,0,0.1)","rgb",false,"box-shadow","src/components/layout/SideNavbar.css",31,"box-shadow: -5px 0 25px rgba(0, 0, 0, 0.1);"
"var(--spacing-md)","--spacing-md","var",true,"padding","src/components/layout/SideNavbar.css",36,"padding: var(--spacing-md);"
"var(--spacing-sm)","--spacing-sm","var",true,"margin-bottom","src/components/layout/SideNavbar.css",48,"margin-bottom: var(--spacing-sm);"
"var(--color-gray-200)","--color-gray-200","var",true,"border-bottom","src/components/layout/SideNavbar.css",50,"border-bottom: 1px solid var(--color-gray-200);"
"var(--font-heading)","--font-heading","var",true,"font-family","src/components/layout/SideNavbar.css",54,"font-family: var(--font-heading);"
"var(--text-xl)","--text-xl","var",true,"font-size","src/components/layout/SideNavbar.css",55,"font-size: var(--text-xl);"
"var(--color-primary)","--color-primary","var",true,"color","src/components/layout/SideNavbar.css",56,"color: var(--color-primary);"
"var(--color-gray-500)","--color-gray-500","var",true,"color","src/components/layout/SideNavbar.css",64,"color: var(--color-gray-500);"
"var(--color-orange)","--color-orange","var",true,"color","src/components/layout/SideNavbar.css",74,"color: var(--color-orange);"
"var(--color-gray-50)","--color-gray-50","var",true,"background-color","src/components/layout/SideNavbar.css",75,"background-color: var(--color-gray-50);"
"var(--font-heading)","--font-heading","var",true,"font-family","src/components/layout/SideNavbar.css",86,"font-family: var(--font-heading);"
"var(--color-text)","--color-text","var",true,"color","src/components/layout/SideNavbar.css",88,"color: var(--color-text);"
"var(--color-orange)","--color-orange","var",true,"color","src/components/layout/SideNavbar.css",96,"color: var(--color-orange);"
"var(--color-teal)","--color-teal","var",true,"color","src/components/layout/SideNavbar.css",101,"color: var(--color-teal);"
"var(--spacing-md)","--spacing-md","var",true,"padding-top","src/components/layout/SideNavbar.css",108,"padding-top: var(--spacing-md);"
"var(--color-gray-200)","--color-gray-200","var",true,"border-top","src/components/layout/SideNavbar.css",109,"border-top: 1px solid var(--color-gray-200);"
"var(--spacing-sm)","--spacing-sm","var",true,"gap","src/components/layout/SideNavbar.css",125,"gap: var(--spacing-sm);"
"var(--spacing-md)","--spacing-md","var",true,"margin-top","src/components/layout/SideNavbar.css",126,"margin-top: var(--spacing-md);"
"var(--spacing-sm)","--spacing-sm","var",true,"padding-top","src/components/layout/SideNavbar.css",127,"padding-top: var(--spacing-sm);"
"var(--color-gray-200)","--color-gray-200","var",true,"border-top","src/components/layout/SideNavbar.css",128,"border-top: 1px solid var(--color-gray-200);"
"var(--color-orange-dark)","--color-orange-dark","var",true,"unknown","src/components/layout/SideNavbar.jsx",66,"<MessageCircle size={16} color=""var(--color-orange-dark)"" strokeWidth={2.5} />"
"var(--color-teal)","--color-teal","var",true,"unknown","src/components/layout/SideNavbar.jsx",72,"<User size={16} color=""var(--color-teal)"" strokeWidth={2.5} />"
"var(--color-gray-500)","--color-gray-500","var",true,"fontsize","src/components/layout/SideNavbar.jsx",79,"<p style={{ fontSize: '0.9rem', color: 'var(--color-gray-500)' }}>"
"var(--spacing-2xl)","--spacing-2xl","var",true,"padding","src/components/sections/AudienceSelector.css",2,"padding: var(--spacing-2xl) 0;"
"var(--color-bg-subtle)","--color-bg-subtle","var",true,"background-color","src/components/sections/AudienceSelector.css",3,"background-color: var(--color-bg-subtle);"
"var(--spacing-xl)","--spacing-xl","var",true,"margin-bottom","src/components/sections/AudienceSelector.css",8,"margin-bottom: var(--spacing-xl);"
"var(--color-teal-dark)","--color-teal-dark","var",true,"color","src/components/sections/AudienceSelector.css",9,"color: var(--color-teal-dark);"
"var(--spacing-lg)","--spacing-lg","var",true,"gap","src/components/sections/AudienceSelector.css",15,"gap: var(--spacing-lg);"
"white","rgba(255,255,255,1)","named",false,"background","src/components/sections/AudienceSelector.css",27,"background: white;"
"transparent","rgba(0,0,0,0)","named",false,"border","src/components/sections/AudienceSelector.css",28,"border: 2px solid transparent;"
"var(--radius-lg)","--radius-lg","var",true,"border-radius","src/components/sections/AudienceSelector.css",29,"border-radius: var(--radius-lg);"
"var(--spacing-xl)","--spacing-xl","var",true,"padding","src/components/sections/AudienceSelector.css",30,"padding: var(--spacing-xl) var(--spacing-lg);"
"var(--spacing-lg)","--spacing-lg","var",true,"padding","src/components/sections/AudienceSelector.css",30,"padding: var(--spacing-xl) var(--spacing-lg);"
"var(--spacing-md)","--spacing-md","var",true,"gap","src/components/sections/AudienceSelector.css",36,"gap: var(--spacing-md);"
"var(--shadow-md)","--shadow-md","var",true,"box-shadow","src/components/sections/AudienceSelector.css",37,"box-shadow: var(--shadow-md);"
"var(--shadow-lg)","--shadow-lg","var",true,"box-shadow","src/components/sections/AudienceSelector.css",43,"box-shadow: var(--shadow-lg);"
"var(--color-teal)","--color-teal","var",true,"border-color","src/components/sections/AudienceSelector.css",44,"border-color: var(--color-teal);"
"var(--color-teal)","--color-teal","var",true,"color","src/components/sections/AudienceSelector.css",48,"color: var(--color-teal);"
"var(--color-teal-light)","--color-teal-light","var",true,"background","src/components/sections/AudienceSelector.css",49,"background: var(--color-teal-light);"
"var(--spacing-md)","--spacing-md","var",true,"padding","src/components/sections/AudienceSelector.css",50,"padding: var(--spacing-md);"
"var(--spacing-sm)","--spacing-sm","var",true,"margin-bottom","src/components/sections/AudienceSelector.css",52,"margin-bottom: var(--spacing-sm);"
"var(--color-text-main)","--color-text-main","var",true,"color","src/components/sections/AudienceSelector.css",57,"color: var(--color-text-main);"
"var(--color-text-muted)","--color-text-muted","var",true,"color","src/components/sections/AudienceSelector.css",61,"color: var(--color-text-muted);"
"var(--color-orange)","--color-orange","var",true,"color","src/components/sections/AudienceSelector.css",67,"color: var(--color-orange);"
"var(--spacing-md)","--spacing-md","var",true,"margin-top","src/components/sections/AudienceSelector.css",68,"margin-top: var(--spacing-md);"
"white","rgba(255,255,255,1)","named",false,"backgroundcolor","src/components/sections/CTASection.jsx",87,"backgroundColor: isMobile ? 'white' : 'transparent',"
"transparent","rgba(0,0,0,0)","named",false,"backgroundcolor","src/components/sections/CTASection.jsx",87,"backgroundColor: isMobile ? 'white' : 'transparent',"
"transparent","rgba(0,0,0,0)","named",false,"backgroundcolor","src/components/sections/CTASection.jsx",92,"backgroundColor: isClean ? 'transparent' : 'white',"
"white","rgba(255,255,255,1)","named",false,"backgroundcolor","src/components/sections/CTASection.jsx",92,"backgroundColor: isClean ? 'transparent' : 'white',"
"rgba(0, 0, 0, 0.1)","rgba(0,0,0,0.1)","rgb",false,"boxshadow","src/components/sections/CTASection.jsx",95,"boxShadow: (isClean || isMobile) ? 'none' : '0 -15px 30px -5px rgba(0, 0, 0, 0.1), 0 20px 25px -5px rgba(0, 0, 0, 0.1), "
"rgba(0, 0, 0, 0.1)","rgba(0,0,0,0.1)","rgb",false,"boxshadow","src/components/sections/CTASection.jsx",95,"boxShadow: (isClean || isMobile) ? 'none' : '0 -15px 30px -5px rgba(0, 0, 0, 0.1), 0 20px 25px -5px rgba(0, 0, 0, 0.1), "
"rgba(0, 0, 0, 0.04)","rgba(0,0,0,0.04)","rgb",false,"boxshadow","src/components/sections/CTASection.jsx",95,"boxShadow: (isClean || isMobile) ? 'none' : '0 -15px 30px -5px rgba(0, 0, 0, 0.1), 0 20px 25px -5px rgba(0, 0, 0, 0.1), "
"var(--color-teal-dark)","--color-teal-dark","var",true,"color","src/components/sections/CTASection.jsx",108,"color: 'var(--color-teal-dark)',"
"#4b5563","rgba(75,85,99,1)","hex",false,"color","src/components/sections/CTASection.jsx",117,"color: '#4b5563',"
"var(--color-teal-dark)","--color-teal-dark","var",true,"backgroundcolor","src/components/sections/HowItWorks.jsx",44,"<section className=""section"" style={{ backgroundColor: 'var(--color-teal-dark)', color: '#fff', padding: isMobile ? '4re"
"#fff","rgba(255,255,255,1)","hex",false,"backgroundcolor","src/components/sections/HowItWorks.jsx",44,"<section className=""section"" style={{ backgroundColor: 'var(--color-teal-dark)', color: '#fff', padding: isMobile ? '4re"
"var(--color-orange)","--color-orange","var",true,"unknown","src/components/sections/HowItWorks.jsx",67,"color=""var(--color-orange)"""
"var(--color-orange)","--color-orange","var",true,"color","src/components/sections/HowItWorks.jsx",74,"color: 'var(--color-orange)',"
"#fff","rgba(255,255,255,1)","hex",false,"color","src/components/sections/HowItWorks.jsx",83,"color: '#fff',"
"rgba(255, 255, 255, 0.9)","rgba(255,255,255,0.9)","rgb",false,"color","src/components/sections/HowItWorks.jsx",92,"color: 'rgba(255, 255, 255, 0.9)',"
"white","rgba(255,255,255,1)","named",false,"backgroundcolor","src/components/sections/IndustriesServed.jsx",9,"backgroundColor: 'white',"
"var(--shadow-sm)","--shadow-sm","var",true,"boxshadow","src/components/sections/IndustriesServed.jsx",13,"boxShadow: 'var(--shadow-sm)',"
"var(--color-border)","--color-border","var",true,"border","src/components/sections/IndustriesServed.jsx",14,"border: '1px solid var(--color-border)',"
"white","rgba(255,255,255,1)","named",false,"backgroundcolor","src/components/sections/TestimonialCarousel.jsx",55,"backgroundColor: 'white',"
"#dae1e7","rgba(218,225,231,1)","hex",false,"border","src/components/sections/TestimonialCarousel.jsx",58,"border: '3px solid #dae1e7',"
"rgba(0,0,0,0.05)","rgba(0,0,0,0.05)","rgb",false,"boxshadow","src/components/sections/TestimonialCarousel.jsx",59,"boxShadow: '0 10px 25px -5px rgba(0,0,0,0.05)',"
"white","rgba(255,255,255,1)","named",false,"backgroundcolor","src/components/sections/TestimonialCarousel.jsx",69,"backgroundColor: 'white',"
"var(--color-teal)","--color-teal","var",true,"color","src/components/sections/TestimonialCarousel.jsx",71,"color: 'var(--color-teal)'"
"#374151","rgba(55,65,81,1)","hex",false,"color","src/components/sections/TestimonialCarousel.jsx",80,"color: '#374151',"
"var(--color-teal)","--color-teal","var",true,"color","src/components/sections/TestimonialCarousel.jsx",90,"color: 'var(--color-teal)',"
"white","rgba(255,255,255,1)","named",false,"background","src/components/sections/TestimonialCarousel.jsx",116,"background: 'white',"
"#e5e5e5","rgba(229,229,229,1)","hex",false,"border","src/components/sections/TestimonialCarousel.jsx",117,"border: '1px solid #e5e5e5',"
"rgba(0,0,0,0.05)","rgba(0,0,0,0.05)","rgb",false,"boxshadow","src/components/sections/TestimonialCarousel.jsx",125,"boxShadow: '0 2px 5px rgba(0,0,0,0.05)',"
"var(--color-teal-dark)","--color-teal-dark","var",true,"color","src/components/sections/TestimonialCarousel.jsx",126,"color: 'var(--color-teal-dark)',"
"white","rgba(255,255,255,1)","named",false,"background","src/components/sections/TestimonialCarousel.jsx",137,"background: 'white',"
"#e5e5e5","rgba(229,229,229,1)","hex",false,"border","src/components/sections/TestimonialCarousel.jsx",138,"border: '1px solid #e5e5e5',"
"rgba(0,0,0,0.05)","rgba(0,0,0,0.05)","rgb",false,"boxshadow","src/components/sections/TestimonialCarousel.jsx",146,"boxShadow: '0 2px 5px rgba(0,0,0,0.05)',"
"var(--color-teal-dark)","--color-teal-dark","var",true,"color","src/components/sections/TestimonialCarousel.jsx",147,"color: 'var(--color-teal-dark)',"
"#f9fafb","rgba(249,250,251,1)","hex",false,"backgroundcolor","src/components/sections/TestimonialCarousel.jsx",159,"<section className=""section"" style={{ backgroundColor: '#f9fafb', padding: '5rem 0', ...style }}>"
"var(--color-text-muted)","--color-text-muted","var",true,"fontsize","src/components/sections/TestimonialCarousel.jsx",162,"<p style={{ fontSize: '1.2rem', color: 'var(--color-text-muted)', marginBottom: '0.5rem' }}>But don’t take our word for "
"var(--color-teal-dark)","--color-teal-dark","var",true,"color","src/components/sections/TestimonialCarousel.jsx",163,"<h2 style={{ color: 'var(--color-teal-dark)', fontSize: '2.5rem' }}>Here’s what the companies who work with us say.</h2>"
"white","rgba(255,255,255,1)","named",false,"backgroundcolor","src/components/sections/TestimonialCarousel.jsx",170,"backgroundColor: 'white',"
"rgba(0,0,0,0.08)","rgba(0,0,0,0.08)","rgb",false,"boxshadow","src/components/sections/TestimonialCarousel.jsx",173,"boxShadow: '0 2px 8px rgba(0,0,0,0.08)',"
"#e5e5e5","rgba(229,229,229,1)","hex",false,"border","src/components/sections/TestimonialCarousel.jsx",174,"border: '1px solid #e5e5e5'"
"#FFD700","rgba(255,215,0,1)","hex",false,"unknown","src/components/sections/TestimonialCarousel.jsx",177,"<Star size={16} fill=""#FFD700"" color=""#FFD700"" />"
"#FFD700","rgba(255,215,0,1)","hex",false,"unknown","src/components/sections/TestimonialCarousel.jsx",177,"<Star size={16} fill=""#FFD700"" color=""#FFD700"" />"
"#FFD700","rgba(255,215,0,1)","hex",false,"unknown","src/components/sections/TestimonialCarousel.jsx",178,"<Star size={16} fill=""#FFD700"" color=""#FFD700"" />"
"#FFD700","rgba(255,215,0,1)","hex",false,"unknown","src/components/sections/TestimonialCarousel.jsx",178,"<Star size={16} fill=""#FFD700"" color=""#FFD700"" />"
"#FFD700","rgba(255,215,0,1)","hex",false,"unknown","src/components/sections/TestimonialCarousel.jsx",179,"<Star size={16} fill=""#FFD700"" color=""#FFD700"" />"
"#FFD700","rgba(255,215,0,1)","hex",false,"unknown","src/components/sections/TestimonialCarousel.jsx",179,"<Star size={16} fill=""#FFD700"" color=""#FFD700"" />"
"#FFD700","rgba(255,215,0,1)","hex",false,"unknown","src/components/sections/TestimonialCarousel.jsx",180,"<Star size={16} fill=""#FFD700"" color=""#FFD700"" />"
"#FFD700","rgba(255,215,0,1)","hex",false,"unknown","src/components/sections/TestimonialCarousel.jsx",180,"<Star size={16} fill=""#FFD700"" color=""#FFD700"" />"
"#FFD700","rgba(255,215,0,1)","hex",false,"unknown","src/components/sections/TestimonialCarousel.jsx",181,"<Star size={16} fill=""#FFD700"" color=""#FFD700"" />"
"#FFD700","rgba(255,215,0,1)","hex",false,"unknown","src/components/sections/TestimonialCarousel.jsx",181,"<Star size={16} fill=""#FFD700"" color=""#FFD700"" />"
"#333","rgba(51,51,51,1)","hex",false,"fontsize","src/components/sections/TestimonialCarousel.jsx",183,"<span style={{ fontSize: '0.9rem', fontWeight: '600', color: '#333' }}>Rated 5.0 on Google</span>"
"rgba(255, 255, 255, 0.2)","rgba(255,255,255,0.2)","rgb",false,"unknown","src/components/ui/ScrollProgressCursor.jsx",70,"stroke=""rgba(255, 255, 255, 0.2)"""
"transparent","rgba(0,0,0,0)","named",false,"unknown","src/components/ui/ScrollProgressCursor.jsx",72,"fill=""transparent"""
"var(--color-teal)","--color-teal","var",true,"unknown","src/components/ui/ScrollProgressCursor.jsx",79,"stroke=""var(--color-teal)"" // Use theme color"
"rgba(0,0,0,0.3)","rgba(0,0,0,0.3)","rgb",false,"unknown","src/components/ui/ScrollProgressCursor.jsx",83,"fill=""rgba(0,0,0,0.3)"" // Dark semi-transparent background for text legibility"
"white","rgba(255,255,255,1)","named",false,"color","src/components/ui/ScrollProgressCursor.jsx",93,"color: 'white',"
"var(--font-heading)","--font-heading","var",true,"fontfamily","src/components/ui/ScrollProgressCursor.jsx",99,"fontFamily: 'var(--font-heading)'"
"#ffffff","rgba(255,255,255,1)","hex",false,"unknown","src/components/ui/TabbedFolder.jsx",6,"tabColor = '#ffffff',"
"#ffffff","rgba(255,255,255,1)","hex",false,"unknown","src/components/ui/TabbedFolder.jsx",7,"bodyColor = '#ffffff',"
"var(--color-text-main)","--color-text-main","var",true,"unknown","src/components/ui/TabbedFolder.jsx",8,"textColor = 'var(--color-text-main)',"
"rgba(0,0,0,0.05)","rgba(0,0,0,0.05)","rgb",false,"bordertop","src/components/ui/TabbedFolder.jsx",21,"borderTop: '1px solid rgba(0,0,0,0.05)',"
"rgba(0,0,0,0.05)","rgba(0,0,0,0.05)","rgb",false,"borderleft","src/components/ui/TabbedFolder.jsx",22,"borderLeft: '1px solid rgba(0,0,0,0.05)',"
"rgba(0,0,0,0.05)","rgba(0,0,0,0.05)","rgb",false,"borderright","src/components/ui/TabbedFolder.jsx",23,"borderRight: '1px solid rgba(0,0,0,0.05)',"
"rgba(0,0,0,0.02)","rgba(0,0,0,0.02)","rgb",false,"boxshadow","src/components/ui/TabbedFolder.jsx",29,"boxShadow: '0 -2px 5px rgba(0,0,0,0.02)',"
"var(--font-heading)","--font-heading","var",true,"fontfamily","src/components/ui/TabbedFolder.jsx",37,"fontFamily: 'var(--font-heading)'"
"rgba(0,0,0,0.08)","rgba(0,0,0,0.08)","rgb",false,"boxshadow","src/components/ui/TabbedFolder.jsx",52,"boxShadow: '0 10px 30px -5px rgba(0,0,0,0.08), 0 4px 6px -2px rgba(0,0,0,0.04)',"
"rgba(0,0,0,0.04)","rgba(0,0,0,0.04)","rgb",false,"boxshadow","src/components/ui/TabbedFolder.jsx",52,"boxShadow: '0 10px 30px -5px rgba(0,0,0,0.08), 0 4px 6px -2px rgba(0,0,0,0.04)',"
"rgba(0,0,0,0.05)","rgba(0,0,0,0.05)","rgb",false,"border","src/components/ui/TabbedFolder.jsx",53,"border: '1px solid rgba(0,0,0,0.05)',"
"rgba(255, 255, 255, 0.87)","rgba(255,255,255,0.87)","rgb",false,"color","src/index.css",13,"color: rgba(255, 255, 255, 0.87);"
"#242424","rgba(36,36,36,1)","hex",false,"background-color","src/index.css",14,"background-color: #242424;"
"#646cff","rgba(100,108,255,1)","hex",false,"color","src/index.css",24,"color: #646cff;"
"#535bf2","rgba(83,91,242,1)","hex",false,"color","src/index.css",29,"color: #535bf2;"
"transparent","rgba(0,0,0,0)","named",false,"border","src/index.css",51,"border: 1px solid transparent;"
"#1a1a1a","rgba(26,26,26,1)","hex",false,"background-color","src/index.css",56,"background-color: #1a1a1a;"
"#646cff","rgba(100,108,255,1)","hex",false,"border-color","src/index.css",62,"border-color: #646cff;"
"#213547","rgba(33,53,71,1)","hex",false,"color","src/index.css",72,"color: #213547;"
"#ffffff","rgba(255,255,255,1)","hex",false,"background-color","src/index.css",73,"background-color: #ffffff;"
"#747bff","rgba(116,123,255,1)","hex",false,"color","src/index.css",77,"color: #747bff;"
"#f9f9f9","rgba(249,249,249,1)","hex",false,"background-color","src/index.css",81,"background-color: #f9f9f9;"
"var(--shadow-md)","--shadow-md","var",true,"borderradius","src/pages/About.jsx",16,"<div className=""slide-up delay-200"" style={{ borderRadius: '1rem', overflow: 'hidden', boxShadow: 'var(--shadow-md)' }}>"
"white","rgba(255,255,255,1)","named",false,"background","src/pages/BlogIndex.css",14,"background: white;"
"var(--color-border)","--color-border","var",true,"border","src/pages/BlogIndex.css",15,"border: 1px solid var(--color-border);"
"var(--shadow-md)","--shadow-md","var",true,"box-shadow","src/pages/BlogIndex.css",26,"box-shadow: var(--shadow-md);"
"var(--color-teal)","--color-teal","var",true,"color","src/pages/BlogIndex.css",50,"color: var(--color-teal);"
"var(--color-text-main)","--color-text-main","var",true,"color","src/pages/BlogIndex.css",59,"color: var(--color-text-main);"
"var(--font-heading)","--font-heading","var",true,"font-family","src/pages/BlogIndex.css",60,"font-family: var(--font-heading);"
"var(--color-text-muted)","--color-text-muted","var",true,"color","src/pages/BlogIndex.css",67,"color: var(--color-text-muted);"
"transparent","rgba(0,0,0,0)","named",false,"background","src/pages/BlogIndex.css",84,"background: transparent;"
"var(--radius-md)","--radius-md","var",true,"border-radius","src/pages/BlogIndex.css",95,"border-radius: var(--radius-md);"
"var(--radius-md)","--radius-md","var",true,"border-radius","src/pages/BlogIndex.css",99,"border-radius: var(--radius-md);"
"var(--color-text-main)","--color-text-main","var",true,"color","src/pages/BlogIndex.css",117,"color: var(--color-text-main);"
"var(--color-teal)","--color-teal","var",true,"textdecoration","src/pages/BlogPost.jsx",33,"<Link to=""/blog"" style={{ textDecoration: 'none', color: 'var(--color-teal)', display: 'inline-block', marginBottom: '1r"
"var(--color-border)","--color-border","var",true,"background","src/pages/BlogPost.jsx",37,"<article style={{ background: 'white', padding: '2rem', borderRadius: '1rem', border: '1px solid var(--color-border)' }}"
"white","rgba(255,255,255,1)","named",false,"background","src/pages/BlogPost.jsx",37,"<article style={{ background: 'white', padding: '2rem', borderRadius: '1rem', border: '1px solid var(--color-border)' }}"
"var(--color-text-main)","--color-text-main","var",true,"color","src/pages/BlogPost.jsx",38,"<h1 className=""mb-2"" style={{ color: 'var(--color-text-main)' }}>{post.title}</h1>"
"var(--color-teal)","--color-teal","var",true,"flexshrink","src/pages/Contact.jsx",61,"<div style={{ flexShrink: 0, width: '2rem', height: '2rem', background: 'var(--color-teal)', color: 'white', borderRadiu"
"white","rgba(255,255,255,1)","named",false,"flexshrink","src/pages/Contact.jsx",61,"<div style={{ flexShrink: 0, width: '2rem', height: '2rem', background: 'var(--color-teal)', color: 'white', borderRadiu"
"var(--color-text-muted)","--color-text-muted","var",true,"fontsize","src/pages/Contact.jsx",64,"<p style={{ fontSize: '0.9rem', color: 'var(--color-text-muted)', margin: 0 }}>We email within 24 hours</p>"
"var(--color-teal)","--color-teal","var",true,"flexshrink","src/pages/Contact.jsx",68,"<div style={{ flexShrink: 0, width: '2rem', height: '2rem', background: 'var(--color-teal)', color: 'white', borderRadiu"
"white","rgba(255,255,255,1)","named",false,"flexshrink","src/pages/Contact.jsx",68,"<div style={{ flexShrink: 0, width: '2rem', height: '2rem', background: 'var(--color-teal)', color: 'white', borderRadiu"
"var(--color-text-muted)","--color-text-muted","var",true,"fontsize","src/pages/Contact.jsx",71,"<p style={{ fontSize: '0.9rem', color: 'var(--color-text-muted)', margin: 0 }}>Understand your needs & space</p>"
"var(--color-teal)","--color-teal","var",true,"flexshrink","src/pages/Contact.jsx",75,"<div style={{ flexShrink: 0, width: '2rem', height: '2rem', background: 'var(--color-teal)', color: 'white', borderRadiu"
"white","rgba(255,255,255,1)","named",false,"flexshrink","src/pages/Contact.jsx",75,"<div style={{ flexShrink: 0, width: '2rem', height: '2rem', background: 'var(--color-teal)', color: 'white', borderRadiu"
"var(--color-text-muted)","--color-text-muted","var",true,"fontsize","src/pages/Contact.jsx",78,"<p style={{ fontSize: '0.9rem', color: 'var(--color-text-muted)', margin: 0 }}>Sent same day, ready to approve</p>"
"var(--color-teal)","--color-teal","var",true,"background","src/pages/Contact.jsx",89,"<div style={{ background: '#f0fdfa', padding: '2rem', borderRadius: '1rem', border: '1px solid var(--color-teal)' }}>"
"#f0fdfa","rgba(240,253,250,1)","hex",false,"background","src/pages/Contact.jsx",89,"<div style={{ background: '#f0fdfa', padding: '2rem', borderRadius: '1rem', border: '1px solid var(--color-teal)' }}>"
"var(--color-border)","--color-border","var",true,"border","src/pages/Contact.jsx",98,"border: '1px solid var(--color-border)'"
"var(--color-border)","--color-border","var",true,"border","src/pages/Contact.jsx",169,"border: '2px solid var(--color-border)', // Made clearer as requested"
"#fff","rgba(255,255,255,1)","hex",false,"backgroundcolor","src/pages/Contact.jsx",170,"backgroundColor: '#fff',"
"var(--color-bg-subtle)","--color-bg-subtle","var",true,"background-color","src/pages/Covid19.jsx",85,"background-color: var(--color-bg-subtle);"
"var(--color-text-muted)","--color-text-muted","var",true,"color","src/pages/Covid19.jsx",100,"<div style={{ color: 'var(--color-text-muted)', lineHeight: '1.6' }}>"
"var(--color-border)","--color-border","var",true,"bordertop","src/pages/FAQ.jsx",31,"<div className=""faq-list slide-up delay-100"" style={{ borderTop: '1px solid var(--color-border)' }}>"
"var(--color-border)","--color-border","var",true,"borderbottom","src/pages/FAQ.jsx",33,"<div key={idx} style={{ borderBottom: '1px solid var(--color-border)' }}>"
"var(--color-text-main)","--color-text-main","var",true,"color","src/pages/FAQ.jsx",46,"color: 'var(--color-text-main)'"
"var(--color-teal)","--color-teal","var",true,"unknown","src/pages/FAQ.jsx",51,"<ChevronUp size={24} color=""var(--color-teal)"" />"
"var(--color-teal)","--color-teal","var",true,"unknown","src/pages/FAQ.jsx",53,"<ChevronDown size={24} color=""var(--color-teal)"" />"
"white","rgba(255,255,255,1)","named",false,"unknown","src/pages/Home.jsx",23,"const CurvedEdge = ({ direction = 'left', color = 'white' }) => {"
"#f9fafb","rgba(249,250,251,1)","hex",false,"unknown","src/pages/Home.jsx",81,"fill=""#f9fafb"""
"#f9fafb","rgba(249,250,251,1)","hex",false,"backgroundcolor","src/pages/Home.jsx",149,"<div className=""home-page"" style={{ backgroundColor: '#f9fafb' }}>"
"var(--color-text-muted)","--color-text-muted","var",true,"fontsize","src/pages/Home.jsx",201,"<p className=""mb-3"" style={{ fontSize: '1.25rem', color: 'var(--color-text-muted)', maxWidth: '700px', margin: '0 auto' "
"var(--color-teal)","--color-teal","var",true,"backgroundcolor","src/pages/Home.jsx",228,"backgroundColor: 'var(--color-teal)',"
"white","rgba(255,255,255,1)","named",false,"color","src/pages/Home.jsx",229,"color: 'white',"
"rgba(0,0,0,0.2)","rgba(0,0,0,0.2)","rgb",false,"boxshadow","src/pages/Home.jsx",236,"boxShadow: '0 4px 12px rgba(0,0,0,0.2)',"
"#f9fafb","rgba(249,250,251,1)","hex",false,"position","src/pages/Home.jsx",251,"<div style={{ position: 'relative', zIndex: 10, backgroundColor: '#f9fafb' }}>"
"white","rgba(255,255,255,1)","named",false,"unknown","src/pages/Home.jsx",258,"tabColor=""white"""
"var(--color-teal-dark)","--color-teal-dark","var",true,"color","src/pages/Home.jsx",274,"color: 'var(--color-teal-dark)',"
"var(--shadow-md)","--shadow-md","var",true,"boxshadow","src/pages/Home.jsx",285,"boxShadow: 'var(--shadow-md)'"
"var(--color-orange)","--color-orange","var",true,"display","src/pages/Home.jsx",301,"<div style={{ display: 'flex', alignItems: 'center', justifyContent: 'center', gap: '0.5rem', color: 'var(--color-orange"
"var(--color-text-main)","--color-text-main","var",true,"fontsize","src/pages/Home.jsx",305,"<p style={{ fontSize: '1.1rem', lineHeight: '1.7', textAlign: 'center', color: 'var(--color-text-main)' }}>"
"white","rgba(255,255,255,1)","named",false,"position","src/pages/Home.jsx",314,"<div className=""why-massage-carousel"" style={{ position: 'relative', height: '600px', overflow: 'hidden', backgroundColo"
"white","rgba(255,255,255,1)","named",false,"backgroundcolor","src/pages/Home.jsx",339,"backgroundColor: 'white',"
"#f0f0f0","rgba(240,240,240,1)","hex",false,"borderright","src/pages/Home.jsx",342,"borderRight: '1px solid #f0f0f0',"
"white","rgba(255,255,255,1)","named",false,"backgroundcolor","src/pages/Home.jsx",351,"backgroundColor: 'white',"
"var(--color-orange)","--color-orange","var",true,"color","src/pages/Home.jsx",356,"<div style={{ color: 'var(--color-orange)', marginBottom: '1.5rem', display: 'flex', alignItems: 'center', gap: '0.75rem"
"var(--color-teal-dark)","--color-teal-dark","var",true,"fontsize","src/pages/Home.jsx",360,"<h3 style={{ fontSize: '3rem', fontWeight: '800', color: 'var(--color-teal-dark)', marginBottom: '1.5rem', lineHeight: 1"
"var(--color-text-main)","--color-text-main","var",true,"fontsize","src/pages/Home.jsx",361,"<p style={{ fontSize: '1.25rem', lineHeight: 1.8, color: 'var(--color-text-main)' }}>{item.longText}</p>"
"transparent","rgba(0,0,0,0)","named",false,"background","src/pages/Home.jsx",368,"background: 'transparent',"
"var(--color-border)","--color-border","var",true,"border","src/pages/Home.jsx",369,"border: '1px solid var(--color-border)',"
"var(--color-text-muted)","--color-text-muted","var",true,"color","src/pages/Home.jsx",372,"color: 'var(--color-text-muted)',"
"var(--color-text-muted)","--color-text-muted","var",true,"fontsize","src/pages/Home.jsx",380,"<p style={{ fontSize: '0.9rem', fontStyle: 'italic', color: 'var(--color-text-muted)', backgroundColor: 'var(--color-bg-"
"var(--color-bg-subtle)","--color-bg-subtle","var",true,"fontsize","src/pages/Home.jsx",380,"<p style={{ fontSize: '0.9rem', fontStyle: 'italic', color: 'var(--color-text-muted)', backgroundColor: 'var(--color-bg-"
"rgba(255,255,255,0.8)","rgba(255,255,255,0.8)","rgb",false,"padding","src/pages/Home.jsx",394,"padding: '0.5rem', borderRadius: '2rem', backgroundColor: 'rgba(255,255,255,0.8)', backdropFilter: 'blur(4px)'"
"var(--color-teal)","--color-teal","var",true,"backgroundcolor","src/pages/Home.jsx",402,"backgroundColor: activeSlide === 0 ? '#f3f4f6' : 'var(--color-teal)',"
"#f3f4f6","rgba(243,244,246,1)","hex",false,"backgroundcolor","src/pages/Home.jsx",402,"backgroundColor: activeSlide === 0 ? '#f3f4f6' : 'var(--color-teal)',"
"#9ca3af","rgba(156,163,175,1)","hex",false,"color","src/pages/Home.jsx",403,"color: activeSlide === 0 ? '#9ca3af' : 'white',"
"white","rgba(255,255,255,1)","named",false,"color","src/pages/Home.jsx",403,"color: activeSlide === 0 ? '#9ca3af' : 'white',"
"var(--color-teal)","--color-teal","var",true,"backgroundcolor","src/pages/Home.jsx",418,"backgroundColor: activeSlide === outcomes.length - 1 ? '#f3f4f6' : 'var(--color-teal)',"
"#f3f4f6","rgba(243,244,246,1)","hex",false,"backgroundcolor","src/pages/Home.jsx",418,"backgroundColor: activeSlide === outcomes.length - 1 ? '#f3f4f6' : 'var(--color-teal)',"
"#9ca3af","rgba(156,163,175,1)","hex",false,"color","src/pages/Home.jsx",419,"color: activeSlide === outcomes.length - 1 ? '#9ca3af' : 'white',"
"white","rgba(255,255,255,1)","named",false,"color","src/pages/Home.jsx",419,"color: activeSlide === outcomes.length - 1 ? '#9ca3af' : 'white',"
"transparent","rgba(0,0,0,0)","named",false,"position","src/pages/Home.jsx",436,"<section className=""section"" style={{ position: 'relative', zIndex: 20, backgroundColor: 'transparent', marginTop: '-1px"
"var(--color-teal-dark)","--color-teal-dark","var",true,"color","src/pages/Home.jsx",445,"color: 'var(--color-teal-dark)',"
"var(--radius-lg)","--radius-lg","var",true,"borderradius","src/pages/Home.jsx",466,"borderRadius: 'var(--radius-lg)',"
"white","rgba(255,255,255,1)","named",false,"backgroundcolor","src/pages/Home.jsx",468,"backgroundColor: 'white',"
"var(--shadow-md)","--shadow-md","var",true,"boxshadow","src/pages/Home.jsx",469,"boxShadow: 'var(--shadow-md)',"
"white","rgba(255,255,255,1)","named",false,"backgroundcolor","src/pages/Home.jsx",492,"backgroundColor: 'white'"
"var(--color-teal-dark)","--color-teal-dark","var",true,"color","src/pages/Home.jsx",498,"color: 'var(--color-teal-dark)',"
"var(--color-text-main)","--color-text-main","var",true,"color","src/pages/Home.jsx",506,"color: 'var(--color-text-main)',"
"var(--radius-lg)","--radius-lg","var",true,"borderradius","src/pages/Home.jsx",521,"borderRadius: 'var(--radius-lg)',"
"white","rgba(255,255,255,1)","named",false,"backgroundcolor","src/pages/Home.jsx",523,"backgroundColor: 'white',"
"var(--shadow-md)","--shadow-md","var",true,"boxshadow","src/pages/Home.jsx",524,"boxShadow: 'var(--shadow-md)',"
"white","rgba(255,255,255,1)","named",false,"backgroundcolor","src/pages/Home.jsx",546,"backgroundColor: 'white'"
"var(--color-teal-dark)","--color-teal-dark","var",true,"color","src/pages/Home.jsx",552,"color: 'var(--color-teal-dark)',"
"var(--color-text-main)","--color-text-main","var",true,"color","src/pages/Home.jsx",560,"color: 'var(--color-text-main)',"
"var(--color-teal-dark)","--color-teal-dark","var",true,"alignself","src/pages/Home.jsx",565,"<Button to=""/services"" variant=""outline"" style={{ alignSelf: 'flex-start', color: 'var(--color-teal-dark)', borderColor:"
"var(--color-teal-dark)","--color-teal-dark","var",true,"alignself","src/pages/Home.jsx",565,"<Button to=""/services"" variant=""outline"" style={{ alignSelf: 'flex-start', color: 'var(--color-teal-dark)', borderColor:"
"transparent","rgba(0,0,0,0)","named",false,"backgroundcolor","src/pages/Home.jsx",574,"<section className=""section"" style={{ backgroundColor: 'transparent', paddingTop: 0, paddingBottom: 0 }}>"
"transparent","rgba(0,0,0,0)","named",false,"backgroundcolor","src/pages/Home.jsx",586,"<section className=""section"" style={{ backgroundColor: 'transparent', paddingTop: 0, paddingBottom: 0 }}>"
"transparent","rgba(0,0,0,0)","named",false,"backgroundcolor","src/pages/Home.jsx",598,"<section className=""section"" style={{ backgroundColor: 'transparent', paddingTop: 0, paddingBottom: 0 }}>"
"transparent","rgba(0,0,0,0)","named",false,"backgroundcolor","src/pages/Home.jsx",610,"<section className=""section"" style={{ backgroundColor: 'transparent', paddingTop: 0, paddingBottom: 0 }}>"
"var(--color-teal-dark)","--color-teal-dark","var",true,"unknown","src/pages/Home.jsx",615,"textColor=""var(--color-teal-dark)"""
"white","rgba(255,255,255,1)","named",false,"backgroundcolor","src/pages/Home.jsx",623,"backgroundColor: 'white',"
"rgba(0,0,0,0.08)","rgba(0,0,0,0.08)","rgb",false,"boxshadow","src/pages/Home.jsx",626,"boxShadow: '0 2px 8px rgba(0,0,0,0.08)',"
"#e5e5e5","rgba(229,229,229,1)","hex",false,"border","src/pages/Home.jsx",627,"border: '1px solid #e5e5e5'"
"#333","rgba(51,51,51,1)","hex",false,"fontsize","src/pages/Home.jsx",630,"<span style={{ fontSize: '0.9rem', fontWeight: '600', color: '#333' }}>Rated 5.0 on Google</span>"
"transparent","rgba(0,0,0,0)","named",false,"backgroundcolor","src/pages/Home.jsx",639,"<section className=""section"" style={{ backgroundColor: 'transparent', paddingTop: 0, paddingBottom: 0 }}>"
"var(--spacing-2xl)","--spacing-2xl","var",true,"padding","src/pages/HowItWorks.css",9,"padding: var(--spacing-2xl) 0;"
"var(--color-bg)","--color-bg","var",true,"background","src/pages/HowItWorks.css",10,"background: var(--color-bg);"
"var(--color-text-muted)","--color-text-muted","var",true,"color","src/pages/HowItWorks.css",20,"color: var(--color-text-muted);"
"transparent","rgba(0,0,0,0)","named",false,"unknown","src/pages/HowItWorks.css",43,"transparent,"
"var(--color-teal-soft)","--color-teal-soft","var",true,"unknown","src/pages/HowItWorks.css",44,"var(--color-teal-soft) 10%,"
"var(--color-teal-light)","--color-teal-light","var",true,"unknown","src/pages/HowItWorks.css",45,"var(--color-teal-light) 50%,"
"var(--color-teal-soft)","--color-teal-soft","var",true,"unknown","src/pages/HowItWorks.css",46,"var(--color-teal-soft) 90%,"
"transparent","rgba(0,0,0,0)","named",false,"unknown","src/pages/HowItWorks.css",47,"transparent);"
"white","rgba(255,255,255,1)","named",false,"background","src/pages/HowItWorks.css",58,"background: white;"
"var(--radius-md)","--radius-md","var",true,"border-radius","src/pages/HowItWorks.css",59,"border-radius: var(--radius-md);"
"var(--color-border)","--color-border","var",true,"border","src/pages/HowItWorks.css",60,"border: 1px solid var(--color-border);"
"var(--shadow-sm)","--shadow-sm","var",true,"box-shadow","src/pages/HowItWorks.css",62,"box-shadow: var(--shadow-sm);"
"var(--shadow-md)","--shadow-md","var",true,"box-shadow","src/pages/HowItWorks.css",69,"box-shadow: var(--shadow-md);"
"var(--color-teal)","--color-teal","var",true,"background","src/pages/HowItWorks.css",81,"background: linear-gradient(to bottom, var(--color-teal), var(--color-teal-light));"
"var(--color-teal-light)","--color-teal-light","var",true,"background","src/pages/HowItWorks.css",81,"background: linear-gradient(to bottom, var(--color-teal), var(--color-teal-light));"
"var(--color-teal-dark)","--color-teal-dark","var",true,"background","src/pages/HowItWorks.css",96,"background: linear-gradient(135deg, var(--color-teal-dark), var(--color-teal));"
"var(--color-teal)","--color-teal","var",true,"background","src/pages/HowItWorks.css",96,"background: linear-gradient(135deg, var(--color-teal-dark), var(--color-teal));"
"rgba(255, 255, 255, 0.15)","rgba(255,255,255,0.15)","rgb",false,"background","src/pages/HowItWorks.css",105,"background: rgba(255, 255, 255, 0.15);"
"rgba(255, 255, 255, 0.35)","rgba(255,255,255,0.35)","rgb",false,"border","src/pages/HowItWorks.css",106,"border: 2px solid rgba(255, 255, 255, 0.35);"
"white","rgba(255,255,255,1)","named",false,"color","src/pages/HowItWorks.css",110,"color: white;"
"var(--font-heading)","--font-heading","var",true,"font-family","src/pages/HowItWorks.css",113,"font-family: var(--font-heading);"
"var(--color-orange)","--color-orange","var",true,"color","src/pages/HowItWorks.css",128,"color: var(--color-orange);"
"var(--color-teal-dark)","--color-teal-dark","var",true,"color","src/pages/HowItWorks.css",134,"color: var(--color-teal-dark);"
"var(--color-text-muted)","--color-text-muted","var",true,"color","src/pages/HowItWorks.css",140,"color: var(--color-text-muted);"
"var(--color-teal-soft)","--color-teal-soft","var",true,"background","src/pages/HowItWorks.css",158,"background: var(--color-teal-soft);"
"var(--color-teal)","--color-teal","var",true,"color","src/pages/HowItWorks.css",159,"color: var(--color-teal);"
"var(--radius-full)","--radius-full","var",true,"border-radius","src/pages/HowItWorks.css",163,"border-radius: var(--radius-full);"
"var(--color-teal-soft)","--color-teal-soft","var",true,"background-color","src/pages/HowItWorks.css",201,"background-color: var(--color-teal-soft);"
"var(--color-teal-dark)","--color-teal-dark","var",true,"backgroundcolor","src/pages/HowItWorks.jsx",134,"<section className=""section dark-section"" style={{ backgroundColor: 'var(--color-teal-dark)', color: 'white', padding: '"
"white","rgba(255,255,255,1)","named",false,"backgroundcolor","src/pages/HowItWorks.jsx",134,"<section className=""section dark-section"" style={{ backgroundColor: 'var(--color-teal-dark)', color: 'white', padding: '"
"white","rgba(255,255,255,1)","named",false,"color","src/pages/HowItWorks.jsx",136,"<h2 className=""mb-3 slide-up"" style={{ color: 'white' }}>The Admin Advantage</h2>"
"white","rgba(255,255,255,1)","named",false,"color","src/pages/HowItWorks.jsx",142,"<h4 className=""flex items-center gap-2 mb-2"" style={{ color: 'white' }}><Users size={24} className=""text-teal"" /> Online"
"white","rgba(255,255,255,1)","named",false,"color","src/pages/HowItWorks.jsx",146,"<h4 className=""flex items-center gap-2 mb-2"" style={{ color: 'white' }}><PartyPopper size={24} className=""text-teal"" /> "
"white","rgba(255,255,255,1)","named",false,"color","src/pages/HowItWorks.jsx",150,"<h4 className=""flex items-center gap-2 mb-2"" style={{ color: 'white' }}><Calendar size={24} className=""text-teal"" /> Sea"
"var(--color-teal-dark)","--color-teal-dark","var",true,"background","src/pages/JoinOurTeam.css",8,"background: linear-gradient(135deg, var(--color-teal-dark) 0%, var(--color-teal) 60%, #1a4a56 100%);"
"var(--color-teal)","--color-teal","var",true,"background","src/pages/JoinOurTeam.css",8,"background: linear-gradient(135deg, var(--color-teal-dark) 0%, var(--color-teal) 60%, #1a4a56 100%);"
"#1a4a56","rgba(26,74,86,1)","hex",false,"background","src/pages/JoinOurTeam.css",8,"background: linear-gradient(135deg, var(--color-teal-dark) 0%, var(--color-teal) 60%, #1a4a56 100%);"
"white","rgba(255,255,255,1)","named",false,"color","src/pages/JoinOurTeam.css",9,"color: white;"
"rgba(230, 126, 34, 0.12)","rgba(230,126,34,0.12)","rgb",false,"background","src/pages/JoinOurTeam.css",21,"background: radial-gradient(ellipse, rgba(230, 126, 34, 0.12) 0%, transparent 70%);"
"transparent","rgba(0,0,0,0)","named",false,"background","src/pages/JoinOurTeam.css",21,"background: radial-gradient(ellipse, rgba(230, 126, 34, 0.12) 0%, transparent 70%);"
"white","rgba(255,255,255,1)","named",false,"color","src/pages/JoinOurTeam.css",33,"color: white;"
"var(--color-orange-light)","--color-orange-light","var",true,"color","src/pages/JoinOurTeam.css",40,"color: var(--color-orange-light);"
"rgba(255, 255, 255, 0.85)","rgba(255,255,255,0.85)","rgb",false,"color","src/pages/JoinOurTeam.css",44,"color: rgba(255, 255, 255, 0.85);"
"rgba(255, 255, 255, 0.12)","rgba(255,255,255,0.12)","rgb",false,"background","src/pages/JoinOurTeam.css",59,"background: rgba(255, 255, 255, 0.12);"
"rgba(255, 255, 255, 0.25)","rgba(255,255,255,0.25)","rgb",false,"border","src/pages/JoinOurTeam.css",60,"border: 1px solid rgba(255, 255, 255, 0.25);"
"white","rgba(255,255,255,1)","named",false,"color","src/pages/JoinOurTeam.css",61,"color: white;"
"var(--radius-full)","--radius-full","var",true,"border-radius","src/pages/JoinOurTeam.css",63,"border-radius: var(--radius-full);"
"var(--radius-lg)","--radius-lg","var",true,"border-radius","src/pages/JoinOurTeam.css",71,"border-radius: var(--radius-lg);"
"rgba(0, 0, 0, 0.45)","rgba(0,0,0,0.45)","rgb",false,"box-shadow","src/pages/JoinOurTeam.css",73,"box-shadow: 0 30px 70px -10px rgba(0, 0, 0, 0.45);"
"var(--radius-lg)","--radius-lg","var",true,"border-radius","src/pages/JoinOurTeam.css",80,"border-radius: var(--radius-lg);"
"rgba(255, 255, 255, 0.15)","rgba(255,255,255,0.15)","rgb",false,"border","src/pages/JoinOurTeam.css",81,"border: 1px solid rgba(255, 255, 255, 0.15);"
"var(--color-orange)","--color-orange","var",true,"color","src/pages/JoinOurTeam.css",100,"color: var(--color-orange);"
"white","rgba(255,255,255,1)","named",false,"background","src/pages/JoinOurTeam.css",106,"background: white;"
"var(--spacing-2xl)","--spacing-2xl","var",true,"padding","src/pages/JoinOurTeam.css",107,"padding: var(--spacing-2xl) 0;"
"var(--color-bg)","--color-bg","var",true,"background","src/pages/JoinOurTeam.css",118,"background: var(--color-bg);"
"var(--radius-md)","--radius-md","var",true,"border-radius","src/pages/JoinOurTeam.css",119,"border-radius: var(--radius-md);"
"var(--color-border)","--color-border","var",true,"border","src/pages/JoinOurTeam.css",121,"border: 1px solid var(--color-border);"
"var(--color-teal)","--color-teal","var",true,"background","src/pages/JoinOurTeam.css",134,"background: linear-gradient(90deg, var(--color-teal), var(--color-teal-light));"
"var(--color-teal-light)","--color-teal-light","var",true,"background","src/pages/JoinOurTeam.css",134,"background: linear-gradient(90deg, var(--color-teal), var(--color-teal-light));"
"var(--shadow-md)","--shadow-md","var",true,"box-shadow","src/pages/JoinOurTeam.css",140,"box-shadow: var(--shadow-md);"
"var(--color-teal)","--color-teal","var",true,"color","src/pages/JoinOurTeam.css",156,"color: var(--color-teal);"
"var(--color-text-muted)","--color-text-muted","var",true,"color","src/pages/JoinOurTeam.css",161,"color: var(--color-text-muted);"
"var(--color-teal-soft)","--color-teal-soft","var",true,"background","src/pages/JoinOurTeam.css",168,"background: var(--color-teal-soft);"
"var(--spacing-2xl)","--spacing-2xl","var",true,"padding","src/pages/JoinOurTeam.css",169,"padding: var(--spacing-2xl) 0;"
"var(--color-text-main)","--color-text-main","var",true,"color","src/pages/JoinOurTeam.css",192,"color: var(--color-text-main);"
"var(--color-teal)","--color-teal","var",true,"background","src/pages/JoinOurTeam.css",201,"background: var(--color-teal);"
"white","rgba(255,255,255,1)","named",false,"color","src/pages/JoinOurTeam.css",207,"color: white;"
"white","rgba(255,255,255,1)","named",false,"background","src/pages/JoinOurTeam.css",214,"background: white;"
"var(--radius-md)","--radius-md","var",true,"border-radius","src/pages/JoinOurTeam.css",215,"border-radius: var(--radius-md);"
"var(--shadow-md)","--shadow-md","var",true,"box-shadow","src/pages/JoinOurTeam.css",217,"box-shadow: var(--shadow-md);"
"var(--color-teal-light)","--color-teal-light","var",true,"color","src/pages/JoinOurTeam.css",228,"color: var(--color-teal-light);"
"var(--color-text-main)","--color-text-main","var",true,"color","src/pages/JoinOurTeam.css",236,"color: var(--color-text-main);"
"var(--color-teal)","--color-teal","var",true,"color","src/pages/JoinOurTeam.css",245,"color: var(--color-teal);"
"var(--color-text-muted)","--color-text-muted","var",true,"color","src/pages/JoinOurTeam.css",251,"color: var(--color-text-muted);"
"white","rgba(255,255,255,1)","named",false,"background","src/pages/JoinOurTeam.css",257,"background: white;"
"var(--spacing-2xl)","--spacing-2xl","var",true,"padding","src/pages/JoinOurTeam.css",258,"padding: var(--spacing-2xl) 0;"
"var(--color-teal-soft)","--color-teal-soft","var",true,"background","src/pages/JoinOurTeam.css",276,"background: linear-gradient(90deg, var(--color-teal-soft), var(--color-teal-light), var(--color-teal-soft));"
"var(--color-teal-light)","--color-teal-light","var",true,"background","src/pages/JoinOurTeam.css",276,"background: linear-gradient(90deg, var(--color-teal-soft), var(--color-teal-light), var(--color-teal-soft));"
"var(--color-teal-soft)","--color-teal-soft","var",true,"background","src/pages/JoinOurTeam.css",276,"background: linear-gradient(90deg, var(--color-teal-soft), var(--color-teal-light), var(--color-teal-soft));"
"var(--color-teal)","--color-teal","var",true,"background","src/pages/JoinOurTeam.css",288,"background: linear-gradient(135deg, var(--color-teal), var(--color-teal-light));"
"var(--color-teal-light)","--color-teal-light","var",true,"background","src/pages/JoinOurTeam.css",288,"background: linear-gradient(135deg, var(--color-teal), var(--color-teal-light));"
"white","rgba(255,255,255,1)","named",false,"color","src/pages/JoinOurTeam.css",289,"color: white;"
"var(--font-heading)","--font-heading","var",true,"font-family","src/pages/JoinOurTeam.css",296,"font-family: var(--font-heading);"
"rgba(44, 88, 100, 0.4)","rgba(44,88,100,0.4)","rgb",false,"box-shadow","src/pages/JoinOurTeam.css",298,"box-shadow: 0 8px 20px -4px rgba(44, 88, 100, 0.4);"
"var(--color-text-main)","--color-text-main","var",true,"color","src/pages/JoinOurTeam.css",305,"color: var(--color-text-main);"
"var(--color-text-muted)","--color-text-muted","var",true,"color","src/pages/JoinOurTeam.css",310,"color: var(--color-text-muted);"
"var(--color-orange-dark)","--color-orange-dark","var",true,"background","src/pages/JoinOurTeam.css",317,"background: linear-gradient(135deg, var(--color-orange-dark) 0%, var(--color-orange) 50%, var(--color-orange-light) 100%"
"var(--color-orange)","--color-orange","var",true,"background","src/pages/JoinOurTeam.css",317,"background: linear-gradient(135deg, var(--color-orange-dark) 0%, var(--color-orange) 50%, var(--color-orange-light) 100%"
"var(--color-orange-light)","--color-orange-light","var",true,"background","src/pages/JoinOurTeam.css",317,"background: linear-gradient(135deg, var(--color-orange-dark) 0%, var(--color-orange) 50%, var(--color-orange-light) 100%"
"white","rgba(255,255,255,1)","named",false,"color","src/pages/JoinOurTeam.css",318,"color: white;"
"rgba(255, 255, 255, 0.1)","rgba(255,255,255,0.1)","rgb",false,"background","src/pages/JoinOurTeam.css",332,"background: radial-gradient(ellipse, rgba(255, 255, 255, 0.1) 0%, transparent 70%);"
"transparent","rgba(0,0,0,0)","named",false,"background","src/pages/JoinOurTeam.css",332,"background: radial-gradient(ellipse, rgba(255, 255, 255, 0.1) 0%, transparent 70%);"
"white","rgba(255,255,255,1)","named",false,"color","src/pages/JoinOurTeam.css",337,"color: white;"
"rgba(255, 255, 255, 0.88)","rgba(255,255,255,0.88)","rgb",false,"color","src/pages/JoinOurTeam.css",343,"color: rgba(255, 255, 255, 0.88);"
"white","rgba(255,255,255,1)","named",false,"background","src/pages/JoinOurTeam.css",354,"background: white;"
"var(--color-orange-dark)","--color-orange-dark","var",true,"color","src/pages/JoinOurTeam.css",355,"color: var(--color-orange-dark);"
"var(--radius-md)","--radius-md","var",true,"border-radius","src/pages/JoinOurTeam.css",357,"border-radius: var(--radius-md);"
"var(--font-heading)","--font-heading","var",true,"font-family","src/pages/JoinOurTeam.css",360,"font-family: var(--font-heading);"
"rgba(0, 0, 0, 0.3)","rgba(0,0,0,0.3)","rgb",false,"box-shadow","src/pages/JoinOurTeam.css",363,"box-shadow: 0 8px 25px -6px rgba(0, 0, 0, 0.3);"
"rgba(0, 0, 0, 0.35)","rgba(0,0,0,0.35)","rgb",false,"box-shadow","src/pages/JoinOurTeam.css",368,"box-shadow: 0 14px 35px -6px rgba(0, 0, 0, 0.35);"
"var(--color-orange-dark)","--color-orange-dark","var",true,"color","src/pages/JoinOurTeam.css",369,"color: var(--color-orange-dark);"
"rgba(255, 255, 255, 0.7)","rgba(255,255,255,0.7)","rgb",false,"color","src/pages/JoinOurTeam.css",374,"color: rgba(255, 255, 255, 0.7);"
"var(--color-text-muted)","--color-text-muted","var",true,"color","src/pages/JoinOurTeam.jsx",124,"<p style={{ color: 'var(--color-text-muted)', maxWidth: '600px', margin: '1rem auto 0', lineHeight: 1.7 }}>"
"var(--color-text-muted)","--color-text-muted","var",true,"color","src/pages/JoinOurTeam.jsx",150,"<p style={{ color: 'var(--color-text-muted)', marginTop: '0.75rem', lineHeight: 1.7, marginBottom: '0.5rem' }}>"
"transparent","rgba(0,0,0,0)","named",false,"unknown","src/pages/Pricing.jsx",12,"<h1 className=""text-center mb-3 slide-up"">Simple, Transparent Packages</h1>"
"white","rgba(255,255,255,1)","named",false,"background","src/pages/Pricing.jsx",29,"background: 'white',"
"var(--shadow-md)","--shadow-md","var",true,"boxshadow","src/pages/Pricing.jsx",32,"boxShadow: 'var(--shadow-md)'"
"var(--color-text-muted)","--color-text-muted","var",true,"liststyle","src/pages/Pricing.jsx",37,"<ul style={{ listStyle: 'disc', paddingLeft: '1.5rem', color: 'var(--color-text-muted)' }}>"
"var(--color-border)","--color-border","var",true,"borderleft","src/pages/Pricing.jsx",43,"<div className=""payment-option"" style={{ borderLeft: '1px solid var(--color-border)', paddingLeft: '2rem' }}>"
"var(--color-text-muted)","--color-text-muted","var",true,"liststyle","src/pages/Pricing.jsx",46,"<ul style={{ listStyle: 'disc', paddingLeft: '1.5rem', color: 'var(--color-text-muted)' }}>"
"var(--color-teal)","--color-teal","var",true,"border","src/pages/Pricing.jsx",66,"border: highlighted ? '2px solid var(--color-teal)' : '1px solid var(--color-border)',"
"var(--color-border)","--color-border","var",true,"border","src/pages/Pricing.jsx",66,"border: highlighted ? '2px solid var(--color-teal)' : '1px solid var(--color-border)',"
"white","rgba(255,255,255,1)","named",false,"backgroundcolor","src/pages/Pricing.jsx",68,"backgroundColor: 'white',"
"var(--shadow-lg)","--shadow-lg","var",true,"boxshadow","src/pages/Pricing.jsx",69,"boxShadow: highlighted ? 'var(--shadow-lg)' : 'var(--shadow-sm)',"
"var(--shadow-sm)","--shadow-sm","var",true,"boxshadow","src/pages/Pricing.jsx",69,"boxShadow: highlighted ? 'var(--shadow-lg)' : 'var(--shadow-sm)',"
"var(--color-teal)","--color-teal","var",true,"position","src/pages/Pricing.jsx",72,"{highlighted && <div style={{ position: 'absolute', top: -12, left: '50%', transform: 'translateX(-50%)', background: 'v"
"white","rgba(255,255,255,1)","named",false,"position","src/pages/Pricing.jsx",72,"{highlighted && <div style={{ position: 'absolute', top: -12, left: '50%', transform: 'translateX(-50%)', background: 'v"
"var(--color-teal-dark)","--color-teal-dark","var",true,"color","src/pages/Privacy.jsx",161,"color: var(--color-teal-dark);"
"#f9fafb","rgba(249,250,251,1)","hex",false,"backgroundcolor","src/pages/Services.jsx",44,"backgroundColor: '#f9fafb', // stone-50 equivalent"
"rgba(120, 53, 15, 0.05)","rgba(120,53,15,0.05)","rgb",false,"backgroundcolor","src/pages/Services.jsx",51,"backgroundColor: 'rgba(120, 53, 15, 0.05)', // brand-brown/5"
"rgba(120, 53, 15, 0.1)","rgba(120,53,15,0.1)","rgb",false,"borderbottom","src/pages/Services.jsx",55,"borderBottom: '1px solid rgba(120, 53, 15, 0.1)',"
"var(--color-teal-dark)","--color-teal-dark","var",true,"color","src/pages/Services.jsx",60,"color: 'var(--color-teal-dark)', // Updated to match Home page"
"white","rgba(255,255,255,1)","named",false,"backgroundcolor","src/pages/Services.jsx",70,"backgroundColor: 'white',"
"#e7e5e4","rgba(231,229,228,1)","hex",false,"border","src/pages/Services.jsx",72,"border: '1px solid #e7e5e4', // stone-200"
"rgba(0, 0, 0, 0.1)","rgba(0,0,0,0.1)","rgb",false,"boxshadow","src/pages/Services.jsx",78,"boxShadow: '0 1px 3px 0 rgba(0, 0, 0, 0.1), 0 1px 2px 0 rgba(0, 0, 0, 0.06)',"
"rgba(0, 0, 0, 0.06)","rgba(0,0,0,0.06)","rgb",false,"boxshadow","src/pages/Services.jsx",78,"boxShadow: '0 1px 3px 0 rgba(0, 0, 0, 0.1), 0 1px 2px 0 rgba(0, 0, 0, 0.06)',"
"#e7e5e4","rgba(231,229,228,1)","hex",false,"border","src/pages/Services.jsx",90,"border: '1px solid #e7e5e4', // stone-200"
"rgba(0, 0, 0, 0.05)","rgba(0,0,0,0.05)","rgb",false,"boxshadow","src/pages/Services.jsx",91,"boxShadow: '0 1px 2px 0 rgba(0, 0, 0, 0.05)',"
"var(--color-teal-dark)","--color-teal-dark","var",true,"color","src/pages/Services.jsx",102,"color: 'var(--color-teal-dark)', // Updated to match Home page"
"#57534e","rgba(87,83,78,1)","hex",false,"color","src/pages/Services.jsx",109,"color: '#57534e', // stone-600"
"#0d9488","rgba(13,148,136,1)","hex",false,"color","src/pages/Services.jsx",121,"<span style={{ color: '#0d9488', fontWeight: 'bold', textTransform: 'uppercase', letterSpacing: '0.05em', fontSize: '0.8"
"#57534e","rgba(87,83,78,1)","hex",false,"fontsize","src/pages/Services.jsx",125,"<p style={{ fontSize: '1.25rem', color: '#57534e', maxWidth: '42rem', margin: '0 auto' }}>"
"rgba(0, 0, 0, 0.1)","rgba(0,0,0,0.1)","rgb",false,"unknown","src/pages/Services.jsx",136,"e.currentTarget.style.boxShadow = '0 10px 15px -3px rgba(0, 0, 0, 0.1), 0 4px 6px -2px rgba(0, 0, 0, 0.05)';"
"rgba(0, 0, 0, 0.05)","rgba(0,0,0,0.05)","rgb",false,"unknown","src/pages/Services.jsx",136,"e.currentTarget.style.boxShadow = '0 10px 15px -3px rgba(0, 0, 0, 0.1), 0 4px 6px -2px rgba(0, 0, 0, 0.05)';"
"rgba(0, 0, 0, 0.1)","rgba(0,0,0,0.1)","rgb",false,"unknown","src/pages/Services.jsx",140,"e.currentTarget.style.boxShadow = '0 1px 3px 0 rgba(0, 0, 0, 0.1), 0 1px 2px 0 rgba(0, 0, 0, 0.06)';"
"rgba(0, 0, 0, 0.06)","rgba(0,0,0,0.06)","rgb",false,"unknown","src/pages/Services.jsx",140,"e.currentTarget.style.boxShadow = '0 1px 3px 0 rgba(0, 0, 0, 0.1), 0 1px 2px 0 rgba(0, 0, 0, 0.06)';"
"var(--color-teal-dark)","--color-teal-dark","var",true,"color","src/pages/Terms.jsx",103,"color: var(--color-teal-dark);"
"var(--color-teal-dark)","--color-teal-dark","var",true,"color","src/pages/WorkplaceWellness.jsx",33,"color: 'var(--color-teal-dark)',"
"var(--color-text-main)","--color-text-main","var",true,"fontsize","src/pages/WorkplaceWellness.jsx",40,"<div style={{ fontSize: '1.1rem', lineHeight: '1.7', color: 'var(--color-text-main)' }}>"
"var(--color-teal)","--color-teal","var",true,"fontsize","src/pages/WorkplaceWellness.jsx",59,"<p className=""mt-3"" style={{ fontSize: '1.25rem', fontWeight: 'bold', color: 'var(--color-teal)' }}>"
"rgba(0,0,0,0.1)","rgba(0,0,0,0.1)","rgb",false,"boxshadow","src/pages/WorkplaceWellness.jsx",70,"boxShadow: '0 20px 40px rgba(0,0,0,0.1)'"
"var(--color-teal-dark)","--color-teal-dark","var",true,"backgroundcolor","src/pages/WorkplaceWellness.jsx",85,"<section className=""section dark-section"" style={{ backgroundColor: 'var(--color-teal-dark)', color: 'white', padding: '"
"white","rgba(255,255,255,1)","named",false,"backgroundcolor","src/pages/WorkplaceWellness.jsx",85,"<section className=""section dark-section"" style={{ backgroundColor: 'var(--color-teal-dark)', color: 'white', padding: '"
"white","rgba(255,255,255,1)","named",false,"fontsize","src/pages/WorkplaceWellness.jsx",87,"<h2 className=""slide-up"" style={{ fontSize: '2.5rem', marginBottom: '4rem', color: 'white' }}>"
"white","rgba(255,255,255,1)","named",false,"border","src/pages/WorkplaceWellness.jsx",98,"border: '2px solid white',"
"white","rgba(255,255,255,1)","named",false,"unknown","src/pages/WorkplaceWellness.jsx",103,"<CheckCircle size={32} color=""white"" strokeWidth={1.5} />"
"white","rgba(255,255,255,1)","named",false,"fontsize","src/pages/WorkplaceWellness.jsx",105,"<h3 style={{ fontSize: '1.5rem', fontWeight: '500', color: 'white' }}>{benefit}</h3>"
"var(--color-text-main)","--color-text-main","var",true,"color","src/styles/blog-post.css",3,"color: var(--color-text-main);"
"var(--color-teal)","--color-teal","var",true,"color","src/styles/blog-post.css",15,"color: var(--color-teal);"
"var(--color-teal)","--color-teal","var",true,"color","src/styles/blog-post.css",25,"color: var(--color-teal);"
"var(--color-teal)","--color-teal","var",true,"color","src/styles/blog-post.css",35,"color: var(--color-teal);"
"var(--font-heading)","--font-heading","var",true,"font-family","src/styles/blog-post.css",37,"font-family: var(--font-heading);"
"var(--color-teal-dark)","--color-teal-dark","var",true,"color","src/styles/blog-post.css",46,"color: var(--color-teal-dark);"
"var(--color-teal)","--color-teal","var",true,"border-left","src/styles/blog-post.css",56,"border-left: 4px solid var(--color-teal);"
"var(--color-bg-teal-soft)","--color-bg-teal-soft","var",true,"background","src/styles/blog-post.css",57,"background: var(--color-bg-teal-soft);"
"var(--radius-md)","--radius-md","var",true,"border-radius","src/styles/blog-post.css",60,"border-radius: 0 var(--radius-md) var(--radius-md) 0;"
"var(--radius-md)","--radius-md","var",true,"border-radius","src/styles/blog-post.css",60,"border-radius: 0 var(--radius-md) var(--radius-md) 0;"
"var(--color-text-main)","--color-text-main","var",true,"color","src/styles/blog-post.css",62,"color: var(--color-text-main);"
"var(--color-teal-dark)","--color-teal-dark","var",true,"color","src/styles/blog-post.css",75,"color: var(--color-teal-dark);"
"var(--color-teal-dark)","--color-teal-dark","var",true,"color","src/styles/blog-post.css",92,"color: var(--color-teal-dark);"
"var(--radius-md)","--radius-md","var",true,"border-radius","src/styles/blog-post.css",99,"border-radius: var(--radius-md);"
"var(--shadow-md)","--shadow-md","var",true,"box-shadow","src/styles/blog-post.css",101,"box-shadow: var(--shadow-md);"
"var(--font-body)","--font-body","var",true,"font-family","src/styles/global.css",12,"font-family: var(--font-body);"
"var(--color-text-main)","--color-text-main","var",true,"color","src/styles/global.css",13,"color: var(--color-text-main);"
"var(--color-bg)","--color-bg","var",true,"background-color","src/styles/global.css",14,"background-color: var(--color-bg);"
"var(--font-heading)","--font-heading","var",true,"font-family","src/styles/global.css",25,"font-family: var(--font-heading);"
"var(--color-text-main)","--color-text-main","var",true,"color","src/styles/global.css",28,"color: var(--color-text-main);"
"var(--spacing-sm)","--spacing-sm","var",true,"padding","src/styles/global.css",71,"padding: 0 var(--spacing-sm);"
"var(--spacing-2xl)","--spacing-2xl","var",true,"padding-top","src/styles/global.css",75,"padding-top: var(--spacing-2xl);"
"var(--spacing-2xl)","--spacing-2xl","var",true,"padding-bottom","src/styles/global.css",76,"padding-bottom: var(--spacing-2xl);"
"var(--radius-md)","--radius-md","var",true,"border-radius","src/styles/global.css",84,"border-radius: var(--radius-md);"
"var(--color-orange)","--color-orange","var",true,"background-color","src/styles/global.css",90,"background-color: var(--color-orange);"
"white","rgba(255,255,255,1)","named",false,"color","src/styles/global.css",91,"color: white;"
"var(--color-orange-dark)","--color-orange-dark","var",true,"background-color","src/styles/global.css",95,"background-color: var(--color-orange-dark);"
"var(--color-teal)","--color-teal","var",true,"background-color","src/styles/global.css",99,"background-color: var(--color-teal);"
"white","rgba(255,255,255,1)","named",false,"color","src/styles/global.css",100,"color: white;"
"var(--color-teal-dark)","--color-teal-dark","var",true,"background-color","src/styles/global.css",104,"background-color: var(--color-teal-dark);"
"var(--color-teal)","--color-teal","var",true,"border","src/styles/global.css",108,"border: 2px solid var(--color-teal);"
"var(--color-teal)","--color-teal","var",true,"color","src/styles/global.css",109,"color: var(--color-teal);"
"transparent","rgba(0,0,0,0)","named",false,"background","src/styles/global.css",110,"background: transparent;"
"var(--color-teal-light)","--color-teal-light","var",true,"background-color","src/styles/global.css",114,"background-color: var(--color-teal-light);"
"var(--color-teal)","--color-teal","var",true,"color","src/styles/global.css",123,"color: var(--color-teal);"
"var(--color-orange)","--color-orange","var",true,"color","src/styles/global.css",127,"color: var(--color-orange);"
"var(--spacing-sm)","--spacing-sm","var",true,"margin-bottom","src/styles/global.css",131,"margin-bottom: var(--spacing-sm);"
"var(--spacing-md)","--spacing-md","var",true,"margin-bottom","src/styles/global.css",135,"margin-bottom: var(--spacing-md);"
"var(--spacing-lg)","--spacing-lg","var",true,"margin-bottom","src/styles/global.css",139,"margin-bottom: var(--spacing-lg);"
"var(--spacing-lg)","--spacing-lg","var",true,"gap","src/styles/global.css",150,"gap: var(--spacing-lg);"
"var(--color-bg-subtle)","--color-bg-subtle","var",true,"background","src/styles/global.css",168,"background: var(--color-bg-subtle);"
"rgba(77, 189, 182, 0.7)","rgba(77,189,182,0.7)","rgb",false,"box-shadow","src/styles/global.css",177,"box-shadow: 0 0 0 0 rgba(77, 189, 182, 0.7);"
"rgba(77, 189, 182, 0)","rgba(77,189,182,0)","rgb",false,"box-shadow","src/styles/global.css",182,"box-shadow: 0 0 0 20px rgba(77, 189, 182, 0);"
"rgba(77, 189, 182, 0)","rgba(77,189,182,0)","rgb",false,"box-shadow","src/styles/global.css",187,"box-shadow: 0 0 0 0 rgba(77, 189, 182, 0);"
"var(--spacing-xl)","--spacing-xl","var",true,"padding-top","src/styles/global.css",206,"padding-top: var(--spacing-xl);"
"var(--spacing-xl)","--spacing-xl","var",true,"padding-bottom","src/styles/global.css",207,"padding-bottom: var(--spacing-xl);"
"rgba(0, 0, 0, 0.6)","rgba(0,0,0,0.6)","rgb",false,"unknown","src/styles/global.css",294,"linear-gradient(rgba(0, 0, 0, 0.6), rgba(0, 0, 0, 0.6)),"
"rgba(0, 0, 0, 0.6)","rgba(0,0,0,0.6)","rgb",false,"unknown","src/styles/global.css",294,"linear-gradient(rgba(0, 0, 0, 0.6), rgba(0, 0, 0, 0.6)),"
"white","rgba(255,255,255,1)","named",false,"color","src/styles/global.css",312,"color: white;"
"white","rgba(255,255,255,1)","named",false,"color","src/styles/global.css",318,"color: white !important;"
"#1a3a42","rgba(26,58,66,1)","hex",false,"--color-teal-dark","src/styles/variables.css",3,"--color-teal-dark: #1a3a42;"
"teal","rgba(0,128,128,1)","named",false,"unknown","src/styles/variables.css",4,"/* Derived darker shade of Primary Teal */"
"#2c5864","rgba(44,88,100,1)","hex",false,"--color-teal","src/styles/variables.css",5,"--color-teal: #2c5864;"
"teal","rgba(0,128,128,1)","named",false,"unknown","src/styles/variables.css",6,"/* Primary Teal */"
"#4a8a99","rgba(74,138,153,1)","hex",false,"--color-teal-light","src/styles/variables.css",7,"--color-teal-light: #4a8a99;"
"teal","rgba(0,128,128,1)","named",false,"unknown","src/styles/variables.css",8,"/* Light Teal */"
"#e6f1f3","rgba(230,241,243,1)","hex",false,"--color-teal-soft","src/styles/variables.css",9,"--color-teal-soft: #e6f1f3;"
"teal","rgba(0,128,128,1)","named",false,"unknown","src/styles/variables.css",10,"/* Very light teal for backgrounds */"
"#e67e22","rgba(230,126,34,1)","hex",false,"--color-orange","src/styles/variables.css",12,"--color-orange: #e67e22;"
"orange","rgba(255,165,0,1)","named",false,"unknown","src/styles/variables.css",13,"/* Accent Orange */"
"#cc6d1a","rgba(204,109,26,1)","hex",false,"--color-orange-dark","src/styles/variables.css",14,"--color-orange-dark: #cc6d1a;"
"orange","rgba(255,165,0,1)","named",false,"unknown","src/styles/variables.css",15,"/* Derived darker shade of Accent Orange */"
"#ff9f43","rgba(255,159,67,1)","hex",false,"--color-orange-light","src/styles/variables.css",16,"--color-orange-light: #ff9f43;"
"orange","rgba(255,165,0,1)","named",false,"unknown","src/styles/variables.css",17,"/* Light Orange */"
"#fff4e6","rgba(255,244,230,1)","hex",false,"--color-orange-soft","src/styles/variables.css",18,"--color-orange-soft: #fff4e6;"
"orange","rgba(255,165,0,1)","named",false,"unknown","src/styles/variables.css",19,"/* Very light orange for backgrounds */"
"#f9fafb","rgba(249,250,251,1)","hex",false,"--color-bg","src/styles/variables.css",22,"--color-bg: #f9fafb;"
"#f9fbff","rgba(249,251,255,1)","hex",false,"--color-bg-subtle","src/styles/variables.css",23,"--color-bg-subtle: #f9fbff;"
"#1a1e26","rgba(26,30,38,1)","hex",false,"--color-text-main","src/styles/variables.css",24,"--color-text-main: #1a1e26;"
"navy","rgba(0,0,128,1)","named",false,"unknown","src/styles/variables.css",25,"/* Deep Navy/Black */"
"#5e6d82","rgba(94,109,130,1)","hex",false,"--color-text-muted","src/styles/variables.css",26,"--color-text-muted: #5e6d82;"
"grey","rgba(128,128,128,1)","named",false,"unknown","src/styles/variables.css",27,"/* Slate Grey */"
"#eef2f7","rgba(238,242,247,1)","hex",false,"--color-border","src/styles/variables.css",28,"--color-border: #eef2f7;"
"blue","rgba(0,0,255,1)","named",false,"unknown","src/styles/variables.css",29,"/* Light Blue/Grey */"
"rgba(0, 0, 0, 0.05)","rgba(0,0,0,0.05)","rgb",false,"--shadow-sm","src/styles/variables.css",44,"--shadow-sm: 0 2px 4px rgba(0, 0, 0, 0.05);"
"rgba(0, 0, 0, 0.08)","rgba(0,0,0,0.08)","rgb",false,"--shadow-md","src/styles/variables.css",45,"--shadow-md: 0 10px 25px -5px rgba(0, 0, 0, 0.08), 0 8px 10px -6px rgba(0, 0, 0, 0.1);"
"rgba(0, 0, 0, 0.1)","rgba(0,0,0,0.1)","rgb",false,"--shadow-md","src/styles/variables.css",45,"--shadow-md: 0 10px 25px -5px rgba(0, 0, 0, 0.08), 0 8px 10px -6px rgba(0, 0, 0, 0.1);"
"rgba(0, 0, 0, 0.12)","rgba(0,0,0,0.12)","rgb",false,"--shadow-lg","src/styles/variables.css",46,"--shadow-lg: 0 20px 50px -12px rgba(0, 0, 0, 0.12);"
"rgba(255, 255, 255, 0.7)","rgba(255,255,255,0.7)","rgb",false,"--glass-bg","src/styles/variables.css",55,"--glass-bg: rgba(255, 255, 255, 0.7);"
"rgba(255, 255, 255, 0.2)","rgba(255,255,255,0.2)","rgb",false,"--glass-border","src/styles/variables.css",56,"--glass-border: rgba(255, 255, 255, 0.2);"
"#41D1FF","rgba(65,209,255,1)","hex",false,"http","public/vite.svg",1,"<svg xmlns=""http://www.w3.org/2000/svg"" xmlns:xlink=""http://www.w3.org/1999/xlink"" aria-hidden=""true"" role=""img"" class="""
"#BD34FE","rgba(189,52,254,1)","hex",false,"http","public/vite.svg",1,"<svg xmlns=""http://www.w3.org/2000/svg"" xmlns:xlink=""http://www.w3.org/1999/xlink"" aria-hidden=""true"" role=""img"" class="""
"#FFEA83","rgba(255,234,131,1)","hex",false,"http","public/vite.svg",1,"<svg xmlns=""http://www.w3.org/2000/svg"" xmlns:xlink=""http://www.w3.org/1999/xlink"" aria-hidden=""true"" role=""img"" class="""
"#FFDD35","rgba(255,221,53,1)","hex",false,"http","public/vite.svg",1,"<svg xmlns=""http://www.w3.org/2000/svg"" xmlns:xlink=""http://www.w3.org/1999/xlink"" aria-hidden=""true"" role=""img"" class="""
"#FFA800","rgba(255,168,0,1)","hex",false,"http","public/vite.svg",1,"<svg xmlns=""http://www.w3.org/2000/svg"" xmlns:xlink=""http://www.w3.org/1999/xlink"" aria-hidden=""true"" role=""img"" class="""